step,name,x,y,z
0,Merkez,5e-09,6.25e-09,0
0,Gezegen1,9.99999,0.01,0
0,Gezegen2,-0.007,20,0
50,Merkez,1.29055e-05,1.64768e-05,0
50,Gezegen1,9.98699,0.509791,0
50,Gezegen2,-0.356979,19.9967,0
100,Merkez,5.02106e-05,6.54661e-05,0
100,Gezegen1,9.94901,1.00833,0
100,Gezegen2,-0.706845,19.9872,0
150,Merkez,0.000111279,0.000148206,0
150,Gezegen1,9.88616,1.50437,0
150,Gezegen2,-1.05649,19.9715,0
200,Merkez,0.000195408,0.000265914,0
200,Gezegen1,9.79857,1.99668,0
200,Gezegen2,-1.4058,19.9495,0
250,Merkez,0.000301832,0.000419789,0
250,Gezegen1,9.68648,2.48402,0
250,Gezegen2,-1.75466,19.9212,0
300,Merkez,0.000429727,0.000611007,0
300,Gezegen1,9.55016,2.96517,0
300,Gezegen2,-2.10298,19.8868,0
350,Merkez,0.000578209,0.000840721,0
350,Gezegen1,9.38995,3.43894,0
350,Gezegen2,-2.45063,19.8461,0
400,Merkez,0.000746334,0.00111006,0
400,Gezegen1,9.20624,3.90413,0
400,Gezegen2,-2.79752,19.7992,0
450,Merkez,0.000933101,0.00142011,0
450,Gezegen1,8.9995,4.35959,0
450,Gezegen2,-3.14352,19.7461,0
500,Merkez,0.00113745,0.00177194,0
500,Gezegen1,8.77024,4.80418,0
500,Gezegen2,-3.48854,19.6868,0
550,Merkez,0.00135828,0.00216658,0
550,Gezegen1,8.51902,5.23679,0
550,Gezegen2,-3.83246,19.6213,0
600,Merkez,0.00159441,0.00260501,0
600,Gezegen1,8.24647,5.65632,0
600,Gezegen2,-4.17518,19.5497,0
650,Merkez,0.00184462,0.00308818,0
650,Gezegen1,7.95328,6.06174,0
650,Gezegen2,-4.51658,19.472,0
700,Merkez,0.00210766,0.00361699,0
700,Gezegen1,7.64016,6.45203,0
700,Gezegen2,-4.85657,19.3882,0
750,Merkez,0.00238221,0.00419229,0
750,Gezegen1,7.30791,6.82621,0
750,Gezegen2,-5.19502,19.2983,0
800,Merkez,0.00266689,0.0048149,0
800,Gezegen1,6.95734,7.18335,0
800,Gezegen2,-5.53185,19.2024,0
850,Merkez,0.00296031,0.00548557,0
850,Gezegen1,6.58933,7.52254,0
850,Gezegen2,-5.86693,19.1004,0
900,Merkez,0.00326101,0.00620499,0
900,Gezegen1,6.2048,7.84294,0
900,Gezegen2,-6.20016,18.9924,0
950,Merkez,0.00356752,0.00697382,0
950,Gezegen1,5.80471,8.14375,0
950,Gezegen2,-6.53145,18.8785,0
1000,Merkez,0.0038783,0.00779265,0
1000,Gezegen1,5.39005,8.4242,0
1000,Gezegen2,-6.86067,18.7586,0
1050,Merkez,0.0041918,0.008662,0
1050,Gezegen1,4.96186,8.68361,0
1050,Gezegen2,-7.18773,18.6329,0
1100,Merkez,0.00450642,0.00958235,0
1100,Gezegen1,4.52121,8.92131,0
1100,Gezegen2,-7.51253,18.5013,0
1150,Merkez,0.00482055,0.0105541,0
1150,Gezegen1,4.0692,9.1367,0
1150,Gezegen2,-7.83495,18.3638,0
1200,Merkez,0.00513254,0.0115776,0
1200,Gezegen1,3.60695,9.32925,0
1200,Gezegen2,-8.1549,18.2206,0
1250,Merkez,0.00544072,0.0126531,0
1250,Gezegen1,3.13563,9.49848,0
1250,Gezegen2,-8.47227,18.0717,0
1300,Merkez,0.0057434,0.0137808,0
1300,Gezegen1,2.65641,9.64395,0
1300,Gezegen2,-8.78696,17.9171,0
1350,Merkez,0.00603889,0.0149608,0
1350,Gezegen1,2.17049,9.76531,0
1350,Gezegen2,-9.09888,17.7568,0
1400,Merkez,0.00632545,0.0161933,0
1400,Gezegen1,1.67909,9.86224,0
1400,Gezegen2,-9.40791,17.5909,0
1450,Merkez,0.00660136,0.0174782,0
1450,Gezegen1,1.18344,9.9345,0
1450,Gezegen2,-9.71396,17.4195,0
1500,Merkez,0.00686488,0.0188155,0
1500,Gezegen1,0.684769,9.98192,0
1500,Gezegen2,-10.0169,17.2425,0
1550,Merkez,0.00711427,0.020205,0
1550,Gezegen1,0.184338,10.0044,0
1550,Gezegen2,-10.3167,17.0601,0
1600,Merkez,0.00734779,0.0216464,0
1600,Gezegen1,-0.316602,10.0018,0
1600,Gezegen2,-10.6132,16.8724,0
1650,Merkez,0.0075637,0.0231396,0
1650,Gezegen1,-0.816797,9.97423,0
1650,Gezegen2,-10.9064,16.6792,0
1700,Merkez,0.00776026,0.0246841,0
1700,Gezegen1,-1.31499,9.92172,0
1700,Gezegen2,-11.1961,16.4808,0
1750,Merkez,0.00793575,0.0262796,0
1750,Gezegen1,-1.80994,9.84441,0
1750,Gezegen2,-11.4822,16.2772,0
1800,Merkez,0.00808845,0.0279254,0
1800,Gezegen1,-2.30041,9.7425,0
1800,Gezegen2,-11.7646,16.0684,0
1850,Merkez,0.00821668,0.0296211,0
1850,Gezegen1,-2.78515,9.61626,0
1850,Gezegen2,-12.0433,15.8545,0
1900,Merkez,0.00831876,0.0313661,0
1900,Gezegen1,-3.26297,9.466,0
1900,Gezegen2,-12.3182,15.6356,0
1950,Merkez,0.00839303,0.0331595,0
1950,Gezegen1,-3.73266,9.29212,0
1950,Gezegen2,-12.5891,15.4117,0
2000,Merkez,0.00843787,0.0350006,0
2000,Gezegen1,-4.19305,9.09506,0
2000,Gezegen2,-12.856,15.1829,0
2050,Merkez,0.00845168,0.0368885,0
2050,Gezegen1,-4.64299,8.87533,0
2050,Gezegen2,-13.1187,14.9492,0
2100,Merkez,0.0084329,0.0388224,0
2100,Gezegen1,-5.08135,8.63349,0
2100,Gezegen2,-13.3773,14.7108,0
2150,Merkez,0.00837999,0.0408013,0
2150,Gezegen1,-5.50705,8.37017,0
2150,Gezegen2,-13.6316,14.4677,0
2200,Merkez,0.00829147,0.0428241,0
2200,Gezegen1,-5.91901,8.08604,0
2200,Gezegen2,-13.8815,14.22,0
2250,Merkez,0.00816589,0.0448897,0
2250,Gezegen1,-6.31622,7.78183,0
2250,Gezegen2,-14.1269,13.9677,0
2300,Merkez,0.00800184,0.046997,0
2300,Gezegen1,-6.69768,7.45831,0
2300,Gezegen2,-14.3678,13.7109,0
2350,Merkez,0.00779798,0.0491447,0
2350,Gezegen1,-7.06246,7.11633,0
2350,Gezegen2,-14.6041,13.4498,0
2400,Merkez,0.00755299,0.0513316,0
2400,Gezegen1,-7.40964,6.75674,0
2400,Gezegen2,-14.8357,13.1843,0
2450,Merkez,0.00726562,0.0535563,0
2450,Gezegen1,-7.73838,6.38047,0
2450,Gezegen2,-15.0624,12.9146,0
2500,Merkez,0.00693467,0.0558176,0
2500,Gezegen1,-8.04786,5.98849,0
2500,Gezegen2,-15.2844,12.6408,0
2550,Merkez,0.00655901,0.0581139,0
2550,Gezegen1,-8.33733,5.58177,0
2550,Gezegen2,-15.5013,12.3629,0
2600,Merkez,0.00613755,0.0604438,0
2600,Gezegen1,-8.60608,5.16137,0
2600,Gezegen2,-15.7133,12.081,0
2650,Merkez,0.00566927,0.0628058,0
2650,Gezegen1,-8.85345,4.72834,0
2650,Gezegen2,-15.9202,11.7952,0
2700,Merkez,0.00515321,0.0651983,0
2700,Gezegen1,-9.07885,4.28378,0
2700,Gezegen2,-16.1219,11.5056,0
2750,Merkez,0.00458847,0.0676199,0
2750,Gezegen1,-9.28174,3.82882,0
2750,Gezegen2,-16.3183,11.2123,0
2800,Merkez,0.00397423,0.0700688,0
2800,Gezegen1,-9.46164,3.36459,0
2800,Gezegen2,-16.5095,10.9153,0
2850,Merkez,0.00330972,0.0725436,0
2850,Gezegen1,-9.61811,2.89227,0
2850,Gezegen2,-16.6953,10.6148,0
2900,Merkez,0.00259425,0.0750424,0
2900,Gezegen1,-9.7508,2.41304,0
2900,Gezegen2,-16.8757,10.3109,0
2950,Merkez,0.00182718,0.0775636,0
2950,Gezegen1,-9.8594,1.92811,0
2950,Gezegen2,-17.0506,10.0037,0
3000,Merkez,0.00100797,0.0801056,0
3000,Gezegen1,-9.94367,1.43867,0
3000,Gezegen2,-17.2199,9.69315,0
3050,Merkez,0.000136108,0.0826666,0
3050,Gezegen1,-10.0034,0.945948,0
3050,Gezegen2,-17.3835,9.3795,0
3100,Merkez,-0.000788813,0.0852449,0
3100,Gezegen1,-10.0385,0.451171,0
3100,Gezegen2,-17.5415,9.06279,0
3150,Merkez,-0.00176715,0.0878387,0
3150,Gezegen1,-10.049,-0.0444356,0
3150,Gezegen2,-17.6938,8.74314,0
3200,Merkez,-0.00279918,0.0904464,0
3200,Gezegen1,-10.0347,-0.539647,0
3200,Gezegen2,-17.8402,8.42064,0
3250,Merkez,-0.00388513,0.0930662,0
3250,Gezegen1,-9.99581,-1.03324,0
3250,Gezegen2,-17.9808,8.0954,0
3300,Merkez,-0.00502514,0.0956964,0
3300,Gezegen1,-9.9324,-1.524,0
3300,Gezegen2,-18.1155,7.76753,0
3350,Merkez,-0.00621927,0.0983352,0
3350,Gezegen1,-9.84466,-2.01073,0
3350,Gezegen2,-18.2442,7.43711,0
3400,Merkez,-0.00746756,0.100981,0
3400,Gezegen1,-9.73283,-2.49222,0
3400,Gezegen2,-18.3669,7.10428,0
3450,Merkez,-0.00876993,0.103632,0
3450,Gezegen1,-9.59722,-2.96729,0
3450,Gezegen2,-18.4836,6.76912,0
3500,Merkez,-0.0101263,0.106286,0
3500,Gezegen1,-9.43817,-3.4348,0
3500,Gezegen2,-18.5941,6.43175,0
3550,Merkez,-0.0115364,0.108942,0
3550,Gezegen1,-9.2561,-3.89359,0
3550,Gezegen2,-18.6985,6.09229,0
3600,Merkez,-0.013,0.111598,0
3600,Gezegen1,-9.05147,-4.34254,0
3600,Gezegen2,-18.7967,5.75083,0
3650,Merkez,-0.0145168,0.114253,0
3650,Gezegen1,-8.8248,-4.78057,0
3650,Gezegen2,-18.8887,5.4075,0
3700,Merkez,-0.0160865,0.116905,0
3700,Gezegen1,-8.57667,-5.2066,0
3700,Gezegen2,-18.9744,5.0624,0
3750,Merkez,-0.0177086,0.119551,0
3750,Gezegen1,-8.30769,-5.6196,0
3750,Gezegen2,-19.0537,4.71565,0
3800,Merkez,-0.0193825,0.122192,0
3800,Gezegen1,-8.01854,-6.01857,0
3800,Gezegen2,-19.1268,4.36736,0
3850,Merkez,-0.0211078,0.124824,0
3850,Gezegen1,-7.70993,-6.40254,0
3850,Gezegen2,-19.1934,4.01764,0
3900,Merkez,-0.0228839,0.127447,0
3900,Gezegen1,-7.38263,-6.77057,0
3900,Gezegen2,-19.2537,3.66663,0
3950,Merkez,-0.02471,0.13006,0
3950,Gezegen1,-7.03744,-7.12177,0
3950,Gezegen2,-19.3075,3.31442,0
4000,Merkez,-0.0265855,0.13266,0
4000,Gezegen1,-6.67522,-7.45528,0
4000,Gezegen2,-19.3549,2.96114,0
4050,Merkez,-0.0285096,0.135246,0
4050,Gezegen1,-6.29684,-7.77029,0
4050,Gezegen2,-19.3957,2.6069,0
4100,Merkez,-0.0304814,0.137817,0
4100,Gezegen1,-5.90325,-8.06603,0
4100,Gezegen2,-19.4301,2.25183,0
4150,Merkez,-0.0325002,0.140372,0
4150,Gezegen1,-5.49539,-8.34178,0
4150,Gezegen2,-19.4579,1.89604,0
4200,Merkez,-0.034565,0.142909,0
4200,Gezegen1,-5.07428,-8.59686,0
4200,Gezegen2,-19.4791,1.53966,0
4250,Merkez,-0.0366749,0.145427,0
4250,Gezegen1,-4.64093,-8.83065,0
4250,Gezegen2,-19.4938,1.1828,0
4300,Merkez,-0.0388288,0.147925,0
4300,Gezegen1,-4.1964,-9.04255,0
4300,Gezegen2,-19.502,0.825581,0
4350,Merkez,-0.0410259,0.150401,0
4350,Gezegen1,-3.74178,-9.23206,0
4350,Gezegen2,-19.5035,0.468132,0
4400,Merkez,-0.0432649,0.152856,0
4400,Gezegen1,-3.27818,-9.39869,0
4400,Gezegen2,-19.4984,0.110572,0
4450,Merkez,-0.0455448,0.155287,0
4450,Gezegen1,-2.80672,-9.54202,0
4450,Gezegen2,-19.4867,-0.246977,0
4500,Merkez,-0.0478645,0.157694,0
4500,Gezegen1,-2.32855,-9.66169,0
4500,Gezegen2,-19.4684,-0.604393,0
4550,Merkez,-0.0502229,0.160075,0
4550,Gezegen1,-1.84486,-9.75739,0
4550,Gezegen2,-19.4434,-0.961552,0
4600,Merkez,-0.0526187,0.162431,0
4600,Gezegen1,-1.35681,-9.82886,0
4600,Gezegen2,-19.4119,-1.31833,0
4650,Merkez,-0.0550507,0.164759,0
4650,Gezegen1,-0.865601,-9.8759,0
4650,Gezegen2,-19.3737,-1.67461,0
4700,Merkez,-0.0575178,0.16706,0
4700,Gezegen1,-0.37244,-9.89837,0
4700,Gezegen2,-19.329,-2.03026,0
4750,Merkez,-0.0600187,0.169332,0
4750,Gezegen1,0.121465,-9.8962,0
4750,Gezegen2,-19.2776,-2.38516,0
4800,Merkez,-0.062552,0.171575,0
4800,Gezegen1,0.614898,-9.86937,0
4800,Gezegen2,-19.2196,-2.73918,0
4850,Merkez,-0.0651167,0.173789,0
4850,Gezegen1,1.10664,-9.81789,0
4850,Gezegen2,-19.155,-3.09221,0
4900,Merkez,-0.0677112,0.175972,0
4900,Gezegen1,1.59548,-9.74188,0
4900,Gezegen2,-19.0838,-3.44411,0
4950,Merkez,-0.0703345,0.178125,0
4950,Gezegen1,2.08021,-9.64149,0
4950,Gezegen2,-19.0061,-3.79477,0
5000,Merkez,-0.0729852,0.180247,0
5000,Gezegen1,2.55962,-9.51693,0
5000,Gezegen2,-18.9219,-4.14406,0
5050,Merkez,-0.0756619,0.182338,0
5050,Gezegen1,3.03253,-9.36847,0
5050,Gezegen2,-18.8311,-4.49186,0
5100,Merkez,-0.0783635,0.184397,0
5100,Gezegen1,3.49773,-9.19645,0
5100,Gezegen2,-18.7338,-4.83803,0
5150,Merkez,-0.0810885,0.186424,0
5150,Gezegen1,3.95408,-9.00124,0
5150,Gezegen2,-18.6301,-5.18247,0
5200,Merkez,-0.0838358,0.188419,0
5200,Gezegen1,4.40043,-8.78331,0
5200,Gezegen2,-18.5199,-5.52504,0
5250,Merkez,-0.086604,0.190381,0
5250,Gezegen1,4.83564,-8.54315,0
5250,Gezegen2,-18.4033,-5.86563,0
5300,Merkez,-0.0893919,0.192312,0
5300,Gezegen1,5.25862,-8.28132,0
5300,Gezegen2,-18.2803,-6.20411,0
5350,Merkez,-0.0921982,0.19421,0
5350,Gezegen1,5.66829,-7.99844,0
5350,Gezegen2,-18.151,-6.54036,0
5400,Merkez,-0.0950217,0.196076,0
5400,Gezegen1,6.06361,-7.69517,0
5400,Gezegen2,-18.0154,-6.87426,0
5450,Merkez,-0.0978612,0.197911,0
5450,Gezegen1,6.44355,-7.37224,0
5450,Gezegen2,-17.8735,-7.20569,0
5500,Merkez,-0.100716,0.199713,0
5500,Gezegen1,6.80715,-7.03041,0
5500,Gezegen2,-17.7253,-7.53453,0
5550,Merkez,-0.103583,0.201484,0
5550,Gezegen1,7.15346,-6.67051,0
5550,Gezegen2,-17.571,-7.86065,0
5600,Merkez,-0.106464,0.203223,0
5600,Gezegen1,7.48158,-6.29341,0
5600,Gezegen2,-17.4106,-8.18394,0
5650,Merkez,-0.109356,0.204931,0
5650,Gezegen1,7.79065,-5.90001,0
5650,Gezegen2,-17.244,-8.50428,0
5700,Merkez,-0.112258,0.206609,0
5700,Gezegen1,8.07987,-5.49129,0
5700,Gezegen2,-17.0714,-8.82156,0
5750,Merkez,-0.115169,0.208257,0
5750,Gezegen1,8.34845,-5.06824,0
5750,Gezegen2,-16.8929,-9.13565,0
5800,Merkez,-0.118089,0.209874,0
5800,Gezegen1,8.5957,-4.63189,0
5800,Gezegen2,-16.7084,-9.44645,0
5850,Merkez,-0.121016,0.211462,0
5850,Gezegen1,8.82093,-4.18334,0
5850,Gezegen2,-16.518,-9.75383,0
5900,Merkez,-0.123949,0.213022,0
5900,Gezegen1,9.02356,-3.72368,0
5900,Gezegen2,-16.3219,-10.0577,0
5950,Merkez,-0.126888,0.214554,0
5950,Gezegen1,9.20301,-3.25406,0
5950,Gezegen2,-16.1199,-10.3579,0
6000,Merkez,-0.129832,0.216057,0
6000,Gezegen1,9.35881,-2.77566,0
6000,Gezegen2,-15.9124,-10.6544,0
6050,Merkez,-0.13278,0.217534,0
6050,Gezegen1,9.4905,-2.28968,0
6050,Gezegen2,-15.6992,-10.947,0
6100,Merkez,-0.135731,0.218985,0
6100,Gezegen1,9.59772,-1.79732,0
6100,Gezegen2,-15.4804,-11.2356,0
6150,Merkez,-0.138684,0.220411,0
6150,Gezegen1,9.68015,-1.29984,0
6150,Gezegen2,-15.2562,-11.5201,0
6200,Merkez,-0.141639,0.221811,0
6200,Gezegen1,9.73755,-0.798495,0
6200,Gezegen2,-15.0267,-11.8005,0
6250,Merkez,-0.144596,0.223187,0
6250,Gezegen1,9.76972,-0.294552,0
6250,Gezegen2,-14.7917,-12.0766,0
6300,Merkez,-0.147554,0.224541,0
6300,Gezegen1,9.77656,0.210705,0
6300,Gezegen2,-14.5516,-12.3482,0
6350,Merkez,-0.150511,0.225871,0
6350,Gezegen1,9.758,0.71599,0
6350,Gezegen2,-14.3063,-12.6154,0
6400,Merkez,-0.153469,0.22718,0
6400,Gezegen1,9.71406,1.22001,0
6400,Gezegen2,-14.0559,-12.878,0
6450,Merkez,-0.156427,0.228468,0
6450,Gezegen1,9.64483,1.72148,0
6450,Gezegen2,-13.8006,-13.1359,0
6500,Merkez,-0.159384,0.229736,0
6500,Gezegen1,9.55044,2.21911,0
6500,Gezegen2,-13.5403,-13.3889,0
6550,Merkez,-0.16234,0.230984,0
6550,Gezegen1,9.43111,2.71163,0
6550,Gezegen2,-13.2753,-13.6371,0
6600,Merkez,-0.165295,0.232214,0
6600,Gezegen1,9.28712,3.19776,0
6600,Gezegen2,-13.0055,-13.8803,0
6650,Merkez,-0.168248,0.233426,0
6650,Gezegen1,9.11883,3.67626,0
6650,Gezegen2,-12.7311,-14.1184,0
6700,Merkez,-0.171201,0.234621,0
6700,Gezegen1,8.92663,4.1459,0
6700,Gezegen2,-12.4522,-14.3514,0
6750,Merkez,-0.174152,0.2358,0
6750,Gezegen1,8.711,4.60545,0
6750,Gezegen2,-12.1688,-14.5791,0
6800,Merkez,-0.177102,0.236963,0
6800,Gezegen1,8.47249,5.05375,0
6800,Gezegen2,-11.8811,-14.8014,0
6850,Merkez,-0.180051,0.238112,0
6850,Gezegen1,8.21168,5.48963,0
6850,Gezegen2,-11.5892,-15.0183,0
6900,Merkez,-0.182999,0.239246,0
6900,Gezegen1,7.92925,5.91196,0
6900,Gezegen2,-11.2931,-15.2297,0
6950,Merkez,-0.185946,0.240368,0
6950,Gezegen1,7.6259,6.31967,0
6950,Gezegen2,-10.993,-15.4354,0
7000,Merkez,-0.188892,0.241476,0
7000,Gezegen1,7.30241,6.7117,0
7000,Gezegen2,-10.689,-15.6355,0
7050,Merkez,-0.191838,0.242572,0
7050,Gezegen1,6.95961,7.08705,0
7050,Gezegen2,-10.3812,-15.8299,0
7100,Merkez,-0.194785,0.243657,0
7100,Gezegen1,6.59837,7.44474,0
7100,Gezegen2,-10.0697,-16.0184,0
7150,Merkez,-0.197731,0.244731,0
7150,Gezegen1,6.21962,7.78388,0
7150,Gezegen2,-9.75466,-16.201,0
7200,Merkez,-0.200679,0.245795,0
7200,Gezegen1,5.82433,8.10358,0
7200,Gezegen2,-9.4361,-16.3776,0
7250,Merkez,-0.203628,0.246848,0
7250,Gezegen1,5.41352,8.40304,0
7250,Gezegen2,-9.11419,-16.5482,0
7300,Merkez,-0.206578,0.247892,0
7300,Gezegen1,4.98825,8.6815,0
7300,Gezegen2,-8.78903,-16.7127,0
7350,Merkez,-0.209531,0.248927,0
7350,Gezegen1,4.54962,8.93825,0
7350,Gezegen2,-8.46074,-16.871,0
7400,Merkez,-0.212486,0.249952,0
7400,Gezegen1,4.09874,9.17266,0
7400,Gezegen2,-8.12945,-17.023,0
7450,Merkez,-0.215445,0.25097,0
7450,Gezegen1,3.63678,9.38413,0
7450,Gezegen2,-7.79527,-17.1688,0
7500,Merkez,-0.218408,0.251979,0
7500,Gezegen1,3.16494,9.57216,0
7500,Gezegen2,-7.45833,-17.3082,0
7550,Merkez,-0.221376,0.25298,0
7550,Gezegen1,2.68441,9.73627,0
7550,Gezegen2,-7.11875,-17.4412,0
7600,Merkez,-0.224348,0.253972,0
7600,Gezegen1,2.19643,9.87607,0
7600,Gezegen2,-6.77664,-17.5677,0
7650,Merkez,-0.227327,0.254957,0
7650,Gezegen1,1.70225,9.99124,0
7650,Gezegen2,-6.43215,-17.6877,0
7700,Merkez,-0.230311,0.255934,0
7700,Gezegen1,1.20314,10.0815,0
7700,Gezegen2,-6.08538,-17.8012,0
7750,Merkez,-0.233303,0.256904,0
7750,Gezegen1,0.70036,10.1467,0
7750,Gezegen2,-5.73648,-17.908,0
7800,Merkez,-0.236302,0.257865,0
7800,Gezegen1,0.195198,10.1866,0
7800,Gezegen2,-5.38556,-18.0083,0
7850,Merkez,-0.23931,0.258818,0
7850,Gezegen1,-0.311065,10.2013,0
7850,Gezegen2,-5.03276,-18.1018,0
7900,Merkez,-0.242327,0.259762,0
7900,Gezegen1,-0.817149,10.1906,0
7900,Gezegen2,-4.6782,-18.1886,0
7950,Merkez,-0.245353,0.260699,0
7950,Gezegen1,-1.32178,10.1547,0
7950,Gezegen2,-4.32202,-18.2687,0
8000,Merkez,-0.24839,0.261626,0
8000,Gezegen1,-1.82368,10.0937,0
8000,Gezegen2,-3.96435,-18.3419,0
8050,Merkez,-0.251437,0.262544,0
8050,Gezegen1,-2.32159,10.0078,0
8050,Gezegen2,-3.60532,-18.4084,0
8100,Merkez,-0.254495,0.263453,0
8100,Gezegen1,-2.81427,9.89728,0
8100,Gezegen2,-3.24505,-18.468,0
8150,Merkez,-0.257566,0.264351,0
8150,Gezegen1,-3.30049,9.76241,0
8150,Gezegen2,-2.8837,-18.5208,0
8200,Merkez,-0.260649,0.26524,0
8200,Gezegen1,-3.77905,9.60359,0
8200,Gezegen2,-2.52138,-18.5666,0
8250,Merkez,-0.263745,0.266117,0
8250,Gezegen1,-4.24875,9.42127,0
8250,Gezegen2,-2.15823,-18.6056,0
8300,Merkez,-0.266855,0.266982,0
8300,Gezegen1,-4.70845,9.21594,0
8300,Gezegen2,-1.79439,-18.6377,0
8350,Merkez,-0.269978,0.267836,0
8350,Gezegen1,-5.15702,8.98817,0
8350,Gezegen2,-1.42999,-18.6628,0
8400,Merkez,-0.273116,0.268676,0
8400,Gezegen1,-5.59335,8.73856,0
8400,Gezegen2,-1.06517,-18.681,0
8450,Merkez,-0.276268,0.269503,0
8450,Gezegen1,-6.0164,8.46778,0
8450,Gezegen2,-0.700051,-18.6922,0
8500,Merkez,-0.279436,0.270316,0
8500,Gezegen1,-6.42513,8.17655,0
8500,Gezegen2,-0.334782,-18.6965,0
8550,Merkez,-0.282619,0.271113,0
8550,Gezegen1,-6.81855,7.86561,0
8550,Gezegen2,0.0305071,-18.6938,0
8600,Merkez,-0.285818,0.271895,0
8600,Gezegen1,-7.19574,7.53579,0
8600,Gezegen2,0.39568,-18.6842,0
8650,Merkez,-0.289032,0.27266,0
8650,Gezegen1,-7.55578,7.18794,0
8650,Gezegen2,0.760603,-18.6676,0
8700,Merkez,-0.292263,0.273408,0
8700,Gezegen1,-7.89782,6.82294,0
8700,Gezegen2,1.12514,-18.6441,0
8750,Merkez,-0.29551,0.274137,0
8750,Gezegen1,-8.22105,6.44174,0
8750,Gezegen2,1.48916,-18.6136,0
8800,Merkez,-0.298773,0.274846,0
8800,Gezegen1,-8.52472,6.0453,0
8800,Gezegen2,1.85252,-18.5763,0
8850,Merkez,-0.302052,0.275536,0
8850,Gezegen1,-8.80812,5.63463,0
8850,Gezegen2,2.21509,-18.532,0
8900,Merkez,-0.305348,0.276204,0
8900,Gezegen1,-9.07058,5.21076,0
8900,Gezegen2,2.57675,-18.4809,0
8950,Merkez,-0.30866,0.27685,0
8950,Gezegen1,-9.31152,4.77476,0
8950,Gezegen2,2.93734,-18.4229,0
9000,Merkez,-0.311988,0.277472,0
9000,Gezegen1,-9.53036,4.3277,0
9000,Gezegen2,3.29675,-18.358,0
9050,Merkez,-0.315333,0.278071,0
9050,Gezegen1,-9.72663,3.87072,0
9050,Gezegen2,3.65483,-18.2864,0
9100,Merkez,-0.318692,0.278645,0
9100,Gezegen1,-9.89987,3.40493,0
9100,Gezegen2,4.01147,-18.2079,0
9150,Merkez,-0.322068,0.279192,0
9150,Gezegen1,-10.0497,2.9315,0
9150,Gezegen2,4.36652,-18.1227,0
9200,Merkez,-0.325458,0.279712,0
9200,Gezegen1,-10.1758,2.45158,0
9200,Gezegen2,4.71985,-18.0308,0
9250,Merkez,-0.328864,0.280204,0
9250,Gezegen1,-10.2779,1.96636,0
9250,Gezegen2,5.07135,-17.9322,0
9300,Merkez,-0.332284,0.280667,0
9300,Gezegen1,-10.3558,1.47701,0
9300,Gezegen2,5.42087,-17.8269,0
9350,Merkez,-0.335717,0.2811,0
9350,Gezegen1,-10.4094,0.98475,0
9350,Gezegen2,5.76829,-17.715,0
9400,Merkez,-0.339164,0.281502,0
9400,Gezegen1,-10.4384,0.490762,0
9400,Gezegen2,6.11348,-17.5966,0
9450,Merkez,-0.342624,0.281872,0
9450,Gezegen1,-10.443,-0.00374848,0
9450,Gezegen2,6.45633,-17.4717,0
9500,Merkez,-0.346095,0.282209,0
9500,Gezegen1,-10.423,-0.497583,0
9500,Gezegen2,6.79669,-17.3403,0
9550,Merkez,-0.349579,0.282512,0
9550,Gezegen1,-10.3787,-0.989544,0
9550,Gezegen2,7.13446,-17.2025,0
9600,Merkez,-0.353072,0.28278,0
9600,Gezegen1,-10.3101,-1.47844,0
9600,Gezegen2,7.4695,-17.0583,0
9650,Merkez,-0.356576,0.283012,0
9650,Gezegen1,-10.2174,-1.9631,0
9650,Gezegen2,7.8017,-16.9079,0
9700,Merkez,-0.360089,0.283208,0
9700,Gezegen1,-10.1008,-2.44234,0
9700,Gezegen2,8.13094,-16.7512,0
9750,Merkez,-0.36361,0.283366,0
9750,Gezegen1,-9.96072,-2.91502,0
9750,Gezegen2,8.45709,-16.5883,0
9800,Merkez,-0.367138,0.283486,0
9800,Gezegen1,-9.79743,-3.37998,0
9800,Gezegen2,8.78005,-16.4193,0
9850,Merkez,-0.370672,0.283567,0
9850,Gezegen1,-9.61136,-3.83612,0
9850,Gezegen2,9.09969,-16.2442,0
9900,Merkez,-0.374212,0.283608,0
9900,Gezegen1,-9.40297,-4.28233,0
9900,Gezegen2,9.4159,-16.0632,0
9950,Merkez,-0.377755,0.283609,0
9950,Gezegen1,-9.17276,-4.71753,0
9950,Gezegen2,9.72857,-15.8763,0
10000,Merkez,-0.381302,0.283568,0
10000,Gezegen1,-8.9213,-5.14068,0
10000,Gezegen2,10.0376,-15.6835,0
10050,Merkez,-0.38485,0.283486,0
10050,Gezegen1,-8.64921,-5.55074,0
10050,Gezegen2,10.3428,-15.485,0
10100,Merkez,-0.388399,0.283361,0
10100,Gezegen1,-8.35714,-5.94674,0
10100,Gezegen2,10.6442,-15.2808,0
10150,Merkez,-0.391947,0.283192,0
10150,Gezegen1,-8.0458,-6.32769,0
10150,Gezegen2,10.9416,-15.0709,0
10200,Merkez,-0.395494,0.282981,0
10200,Gezegen1,-7.71594,-6.69269,0
10200,Gezegen2,11.2349,-14.8556,0
10250,Merkez,-0.399037,0.282725,0
10250,Gezegen1,-7.36835,-7.04083,0
10250,Gezegen2,11.5241,-14.6348,0
10300,Merkez,-0.402576,0.282424,0
10300,Gezegen1,-7.00388,-7.37127,0
10300,Gezegen2,11.8089,-14.4086,0
10350,Merkez,-0.406109,0.282079,0
10350,Gezegen1,-6.6234,-7.68319,0
10350,Gezegen2,12.0894,-14.1772,0
10400,Merkez,-0.409634,0.281689,0
10400,Gezegen1,-6.22783,-7.97583,0
10400,Gezegen2,12.3654,-13.9406,0
10450,Merkez,-0.413151,0.281253,0
10450,Gezegen1,-5.81811,-8.24845,0
10450,Gezegen2,12.6368,-13.6989,0
10500,Merkez,-0.416657,0.280772,0
10500,Gezegen1,-5.39525,-8.50037,0
10500,Gezegen2,12.9035,-13.4522,0
10550,Merkez,-0.420152,0.280244,0
10550,Gezegen1,-4.96025,-8.73096,0
10550,Gezegen2,13.1655,-13.2006,0
10600,Merkez,-0.423634,0.279671,0
10600,Gezegen1,-4.51417,-8.93964,0
10600,Gezegen2,13.4226,-12.9442,0
10650,Merkez,-0.427101,0.279051,0
10650,Gezegen1,-4.05809,-9.12587,0
10650,Gezegen2,13.6748,-12.6831,0
10700,Merkez,-0.430552,0.278386,0
10700,Gezegen1,-3.59311,-9.28916,0
10700,Gezegen2,13.922,-12.4174,0
10750,Merkez,-0.433985,0.277675,0
10750,Gezegen1,-3.12038,-9.42908,0
10750,Gezegen2,14.164,-12.1472,0
10800,Merkez,-0.437398,0.276918,0
10800,Gezegen1,-2.64102,-9.54527,0
10800,Gezegen2,14.4009,-11.8725,0
10850,Merkez,-0.440791,0.276115,0
10850,Gezegen1,-2.15623,-9.63739,0
10850,Gezegen2,14.6325,-11.5935,0
10900,Merkez,-0.444162,0.275267,0
10900,Gezegen1,-1.66719,-9.70519,0
10900,Gezegen2,14.8588,-11.3104,0
10950,Merkez,-0.447508,0.274374,0
10950,Gezegen1,-1.17509,-9.74845,0
10950,Gezegen2,15.0796,-11.0231,0
11000,Merkez,-0.450829,0.273436,0
11000,Gezegen1,-0.681151,-9.76702,0
11000,Gezegen2,15.2949,-10.7319,0
11050,Merkez,-0.454122,0.272455,0
11050,Gezegen1,-0.186598,-9.76083,0
11050,Gezegen2,15.5047,-10.4368,0
11100,Merkez,-0.457387,0.271429,0
11100,Gezegen1,0.307344,-9.72984,0
11100,Gezegen2,15.7089,-10.1378,0
11150,Merkez,-0.460621,0.270361,0
11150,Gezegen1,0.799444,-9.67407,0
11150,Gezegen2,15.9073,-9.83529,0
11200,Merkez,-0.463824,0.26925,0
11200,Gezegen1,1.28847,-9.59363,0
11200,Gezegen2,16.1,-9.52918,0
11250,Merkez,-0.466993,0.268097,0
11250,Gezegen1,1.7732,-9.48867,0
11250,Gezegen2,16.2869,-9.21963,0
11300,Merkez,-0.470127,0.266903,0
11300,Gezegen1,2.2524,-9.35939,0
11300,Gezegen2,16.4679,-8.90676,0
11350,Merkez,-0.473225,0.265669,0
11350,Gezegen1,2.72487,-9.20608,0
11350,Gezegen2,16.6429,-8.59068,0
11400,Merkez,-0.476284,0.264397,0
11400,Gezegen1,3.1894,-9.02907,0
11400,Gezegen2,16.812,-8.27151,0
11450,Merkez,-0.479305,0.263086,0
11450,Gezegen1,3.64481,-8.82877,0
11450,Gezegen2,16.975,-7.94936,0
11500,Merkez,-0.482285,0.261737,0
11500,Gezegen1,4.08993,-8.60562,0
11500,Gezegen2,17.132,-7.62436,0
11550,Merkez,-0.485222,0.260353,0
11550,Gezegen1,4.52362,-8.36014,0
11550,Gezegen2,17.2828,-7.29661,0
11600,Merkez,-0.488117,0.258934,0
11600,Gezegen1,4.94474,-8.09292,0
11600,Gezegen2,17.4274,-6.96624,0
11650,Merkez,-0.490966,0.257481,0
11650,Gezegen1,5.35222,-7.80458,0
11650,Gezegen2,17.5657,-6.63336,0
11700,Merkez,-0.493769,0.255996,0
11700,Gezegen1,5.74498,-7.49583,0
11700,Gezegen2,17.6978,-6.2981,0
11750,Merkez,-0.496525,0.25448,0
11750,Gezegen1,6.12201,-7.16739,0
11750,Gezegen2,17.8236,-5.96057,0
11800,Merkez,-0.499233,0.252935,0
11800,Gezegen1,6.48229,-6.82009,0
11800,Gezegen2,17.9431,-5.6209,0
11850,Merkez,-0.501891,0.251361,0
11850,Gezegen1,6.8249,-6.45477,0
11850,Gezegen2,18.0562,-5.27921,0
11900,Merkez,-0.504498,0.24976,0
11900,Gezegen1,7.14891,-6.07233,0
11900,Gezegen2,18.1628,-4.93562,0
11950,Merkez,-0.507054,0.248135,0
11950,Gezegen1,7.45347,-5.67372,0
11950,Gezegen2,18.2631,-4.59024,0
12000,Merkez,-0.509557,0.246486,0
12000,Gezegen1,7.73777,-5.25995,0
12000,Gezegen2,18.3568,-4.24321,0
12050,Merkez,-0.512007,0.244815,0
12050,Gezegen1,8.00103,-4.83206,0
12050,Gezegen2,18.4441,-3.89464,0
12100,Merkez,-0.514402,0.243124,0
12100,Gezegen1,8.24256,-4.39113,0
12100,Gezegen2,18.5249,-3.54465,0
12150,Merkez,-0.516742,0.241415,0
12150,Gezegen1,8.4617,-3.93828,0
12150,Gezegen2,18.5991,-3.19337,0
12200,Merkez,-0.519027,0.239689,0
12200,Gezegen1,8.65785,-3.47466,0
12200,Gezegen2,18.6668,-2.84092,0
12250,Merkez,-0.521255,0.237949,0
12250,Gezegen1,8.83049,-3.00147,0
12250,Gezegen2,18.728,-2.48743,0
12300,Merkez,-0.523427,0.236195,0
12300,Gezegen1,8.97915,-2.51992,0
12300,Gezegen2,18.7825,-2.133,0
12350,Merkez,-0.525541,0.23443,0
12350,Gezegen1,9.10341,-2.03126,0
12350,Gezegen2,18.8305,-1.77778,0
12400,Merkez,-0.527597,0.232656,0
12400,Gezegen1,9.20295,-1.53674,0
12400,Gezegen2,18.8719,-1.42187,0
12450,Merkez,-0.529596,0.230875,0
12450,Gezegen1,9.27747,-1.03764,0
12450,Gezegen2,18.9066,-1.0654,0
12500,Merkez,-0.531536,0.229088,0
12500,Gezegen1,9.32678,-0.535271,0
12500,Gezegen2,18.9348,-0.708495,0
12550,Merkez,-0.533418,0.227297,0
12550,Gezegen1,9.35074,-0.0309258,0
12550,Gezegen2,18.9564,-0.351272,0
12600,Merkez,-0.535241,0.225505,0
12600,Gezegen1,9.34928,0.474083,0
12600,Gezegen2,18.9714,0.00614852,0
12650,Merkez,-0.537006,0.223713,0
12650,Gezegen1,9.32239,0.978442,0
12650,Gezegen2,18.9798,0.363644,0
12700,Merkez,-0.538713,0.221924,0
12700,Gezegen1,9.27015,1.48084,0
12700,Gezegen2,18.9816,0.721094,0
12750,Merkez,-0.540362,0.220138,0
12750,Gezegen1,9.19269,1.97998,0
12750,Gezegen2,18.9768,1.07838,0
12800,Merkez,-0.541952,0.218359,0
12800,Gezegen1,9.09022,2.47456,0
12800,Gezegen2,18.9654,1.43538,0
12850,Merkez,-0.543486,0.216587,0
12850,Gezegen1,8.96301,2.9633,0
12850,Gezegen2,18.9475,1.79197,0
12900,Merkez,-0.544962,0.214825,0
12900,Gezegen1,8.8114,3.44494,0
12900,Gezegen2,18.9231,2.14804,0
12950,Merkez,-0.546381,0.213074,0
12950,Gezegen1,8.63579,3.91824,0
12950,Gezegen2,18.8921,2.50347,0
13000,Merkez,-0.547745,0.211337,0
13000,Gezegen1,8.43666,4.38199,0
13000,Gezegen2,18.8546,2.85814,0
13050,Merkez,-0.549053,0.209615,0
13050,Gezegen1,8.21454,4.83499,0
13050,Gezegen2,18.8106,3.21193,0
13100,Merkez,-0.550306,0.20791,0
13100,Gezegen1,7.97,5.2761,0
13100,Gezegen2,18.7602,3.56472,0
13150,Merkez,-0.551506,0.206224,0
13150,Gezegen1,7.70372,5.70419,0
13150,Gezegen2,18.7034,3.91641,0
13200,Merkez,-0.552652,0.204558,0
13200,Gezegen1,7.41639,6.11817,0
13200,Gezegen2,18.6401,4.26686,0
13250,Merkez,-0.553746,0.202913,0
13250,Gezegen1,7.10877,6.51702,0
13250,Gezegen2,18.5705,4.61598,0
13300,Merkez,-0.554789,0.201292,0
13300,Gezegen1,6.78168,6.89973,0
13300,Gezegen2,18.4945,4.96364,0
13350,Merkez,-0.555782,0.199696,0
13350,Gezegen1,6.43597,7.26535,0
13350,Gezegen2,18.4122,5.30973,0
13400,Merkez,-0.556726,0.198126,0
13400,Gezegen1,6.07255,7.61298,0
13400,Gezegen2,18.3237,5.65413,0
13450,Merkez,-0.557622,0.196585,0
13450,Gezegen1,5.69237,7.94176,0
13450,Gezegen2,18.2289,5.99674,0
13500,Merkez,-0.558471,0.195072,0
13500,Gezegen1,5.29642,8.25089,0
13500,Gezegen2,18.1279,6.33745,0
13550,Merkez,-0.559275,0.19359,0
13550,Gezegen1,4.88572,8.53962,0
13550,Gezegen2,18.0208,6.67614,0
13600,Merkez,-0.560034,0.192139,0
13600,Gezegen1,4.46135,8.80726,0
13600,Gezegen2,17.9075,7.01271,0
13650,Merkez,-0.560751,0.190722,0
13650,Gezegen1,4.02438,9.05317,0
13650,Gezegen2,17.7882,7.34704,0
13700,Merkez,-0.561426,0.189338,0
13700,Gezegen1,3.57594,9.27679,0
13700,Gezegen2,17.6629,7.67904,0
13750,Merkez,-0.56206,0.187989,0
13750,Gezegen1,3.11718,9.47757,0
13750,Gezegen2,17.5316,8.00859,0
13800,Merkez,-0.562656,0.186677,0
13800,Gezegen1,2.64925,9.65508,0
13800,Gezegen2,17.3944,8.33558,0
13850,Merkez,-0.563215,0.185401,0
13850,Gezegen1,2.17335,9.8089,0
13850,Gezegen2,17.2513,8.65992,0
13900,Merkez,-0.563738,0.184164,0
13900,Gezegen1,1.69068,9.9387,0
13900,Gezegen2,17.1025,8.9815,0
13950,Merkez,-0.564226,0.182965,0
13950,Gezegen1,1.20244,10.0442,0
13950,Gezegen2,16.9478,9.30023,0
14000,Merkez,-0.564682,0.181805,0
14000,Gezegen1,0.709854,10.1252,0
14000,Gezegen2,16.7875,9.61599,0
14050,Merkez,-0.565107,0.180685,0
14050,Gezegen1,0.214158,10.1815,0
14050,Gezegen2,16.6215,9.92869,0
14100,Merkez,-0.565501,0.179606,0
14100,Gezegen1,-0.283422,10.213,0
14100,Gezegen2,16.4499,10.2382,0
14150,Merkez,-0.565868,0.178568,0
14150,Gezegen1,-0.781654,10.2198,0
14150,Gezegen2,16.2728,10.5445,0
14200,Merkez,-0.566207,0.177571,0
14200,Gezegen1,-1.27931,10.2018,0
14200,Gezegen2,16.0903,10.8474,0
14250,Merkez,-0.566522,0.176616,0
14250,Gezegen1,-1.77517,10.1591,0
14250,Gezegen2,15.9024,11.1469,0
14300,Merkez,-0.566813,0.175704,0
14300,Gezegen1,-2.26802,10.0918,0
14300,Gezegen2,15.7092,11.4429,0
14350,Merkez,-0.567082,0.174834,0
14350,Gezegen1,-2.75666,10.0002,0
14350,Gezegen2,15.5107,11.7352,0
14400,Merkez,-0.56733,0.174007,0
14400,Gezegen1,-3.23989,9.88458,0
14400,Gezegen2,15.307,12.0238,0
14450,Merkez,-0.567559,0.173222,0
14450,Gezegen1,-3.71655,9.74517,0
14450,Gezegen2,15.0982,12.3086,0
14500,Merkez,-0.567771,0.17248,0
14500,Gezegen1,-4.18549,9.58238,0
14500,Gezegen2,14.8844,12.5894,0
14550,Merkez,-0.567967,0.171782,0
14550,Gezegen1,-4.64556,9.39664,0
14550,Gezegen2,14.6656,12.8663,0
14600,Merkez,-0.568149,0.171126,0
14600,Gezegen1,-5.09567,9.18844,0
14600,Gezegen2,14.4419,13.1392,0
14650,Merkez,-0.568317,0.170513,0
14650,Gezegen1,-5.53473,8.9583,0
14650,Gezegen2,14.2134,13.4078,0
14700,Merkez,-0.568474,0.169942,0
14700,Gezegen1,-5.9617,8.70681,0
14700,Gezegen2,13.9801,13.6723,0
14750,Merkez,-0.568621,0.169414,0
14750,Gezegen1,-6.37554,8.4346,0
14750,Gezegen2,13.7422,13.9324,0
14800,Merkez,-0.568759,0.168927,0
14800,Gezegen1,-6.77527,8.14236,0
14800,Gezegen2,13.4998,14.1881,0
14850,Merkez,-0.568889,0.168483,0
14850,Gezegen1,-7.15994,7.8308,0
14850,Gezegen2,13.2528,14.4393,0
14900,Merkez,-0.569014,0.168079,0
14900,Gezegen1,-7.52863,7.50071,0
14900,Gezegen2,13.0014,14.686,0
14950,Merkez,-0.569133,0.167717,0
14950,Gezegen1,-7.88045,7.15288,0
14950,Gezegen2,12.7457,14.9281,0
15000,Merkez,-0.569249,0.167395,0
15000,Gezegen1,-8.21458,6.78818,0
15000,Gezegen2,12.4858,15.1654,0
15050,Merkez,-0.569363,0.167112,0
15050,Gezegen1,-8.53021,6.40749,0
15050,Gezegen2,12.2217,15.398,0
15100,Merkez,-0.569476,0.166869,0
15100,Gezegen1,-8.82659,6.01173,0
15100,Gezegen2,11.9535,15.6258,0
15150,Merkez,-0.569589,0.166665,0
15150,Gezegen1,-9.10301,5.60188,0
15150,Gezegen2,11.6814,15.8486,0
15200,Merkez,-0.569703,0.166499,0
15200,Gezegen1,-9.35882,5.17892,0
15200,Gezegen2,11.4053,16.0665,0
15250,Merkez,-0.569819,0.16637,0
15250,Gezegen1,-9.5934,4.74387,0
15250,Gezegen2,11.1255,16.2793,0
15300,Merkez,-0.569939,0.166277,0
15300,Gezegen1,-9.80619,4.29779,0
15300,Gezegen2,10.8419,16.487,0
15350,Merkez,-0.570062,0.16622,0
15350,Gezegen1,-9.99667,3.84175,0
15350,Gezegen2,10.5548,16.6896,0
15400,Merkez,-0.570191,0.166199,0
15400,Gezegen1,-10.1644,3.37685,0
15400,Gezegen2,10.2641,16.8869,0
15450,Merkez,-0.570326,0.166211,0
15450,Gezegen1,-10.3089,2.90422,0
15450,Gezegen2,9.96997,17.0789,0
15500,Merkez,-0.570468,0.166257,0
15500,Gezegen1,-10.4299,2.42498,0
15500,Gezegen2,9.67252,17.2656,0
15550,Merkez,-0.570617,0.166335,0
15550,Gezegen1,-10.5271,1.9403,0
15550,Gezegen2,9.37184,17.4469,0
15600,Merkez,-0.570775,0.166445,0
15600,Gezegen1,-10.6002,1.45135,0
15600,Gezegen2,9.06801,17.6227,0
15650,Merkez,-0.570942,0.166585,0
15650,Gezegen1,-10.6491,0.959304,0
15650,Gezegen2,8.76115,17.7931,0
15700,Merkez,-0.571118,0.166755,0
15700,Gezegen1,-10.6735,0.465351,0
15700,Gezegen2,8.45134,17.9578,0
15750,Merkez,-0.571305,0.166954,0
15750,Gezegen1,-10.6735,-0.029311,0
15750,Gezegen2,8.13868,18.117,0
15800,Merkez,-0.571502,0.167181,0
15800,Gezegen1,-10.649,-0.523485,0
15800,Gezegen2,7.82328,18.2705,0
15850,Merkez,-0.571711,0.167434,0
15850,Gezegen1,-10.6,-1.01597,0
15850,Gezegen2,7.50524,18.4183,0
15900,Merkez,-0.571932,0.167714,0
15900,Gezegen1,-10.5267,-1.50557,0
15900,Gezegen2,7.18465,18.5604,0
15950,Merkez,-0.572164,0.168018,0
15950,Gezegen1,-10.4291,-1.99109,0
15950,Gezegen2,6.86163,18.6967,0
16000,Merkez,-0.572409,0.168346,0
16000,Gezegen1,-10.3076,-2.47135,0
16000,Gezegen2,6.53627,18.8272,0
16050,Merkez,-0.572666,0.168696,0
16050,Gezegen1,-10.1624,-2.94516,0
16050,Gezegen2,6.20867,18.9518,0
16100,Merkez,-0.572936,0.169069,0
16100,Gezegen1,-9.99374,-3.41136,0
16100,Gezegen2,5.87894,19.0705,0
16150,Merkez,-0.573219,0.169463,0
16150,Gezegen1,-9.80209,-3.86881,0
16150,Gezegen2,5.54719,19.1832,0
16200,Merkez,-0.573515,0.169876,0
16200,Gezegen1,-9.58787,-4.31637,0
16200,Gezegen2,5.21351,19.29,0
16250,Merkez,-0.573824,0.170309,0
16250,Gezegen1,-9.35156,-4.75294,0
16250,Gezegen2,4.87802,19.3908,0
16300,Merkez,-0.574145,0.170759,0
16300,Gezegen1,-9.09373,-5.17741,0
16300,Gezegen2,4.54082,19.4856,0
16350,Merkez,-0.57448,0.171227,0
16350,Gezegen1,-8.81497,-5.58874,0
16350,Gezegen2,4.20201,19.5743,0
16400,Merkez,-0.574828,0.171711,0
16400,Gezegen1,-8.51593,-5.98589,0
16400,Gezegen2,3.8617,19.657,0
16450,Merkez,-0.575188,0.17221,0
16450,Gezegen1,-8.19733,-6.36786,0
16450,Gezegen2,3.52,19.7335,0
16500,Merkez,-0.57556,0.172724,0
16500,Gezegen1,-7.85991,-6.73367,0
16500,Gezegen2,3.17702,19.8039,0
16550,Merkez,-0.575945,0.173252,0
16550,Gezegen1,-7.50449,-7.08241,0
16550,Gezegen2,2.83287,19.8682,0
16600,Merkez,-0.576341,0.173792,0
16600,Gezegen1,-7.13191,-7.41317,0
16600,Gezegen2,2.48764,19.9263,0
16650,Merkez,-0.576749,0.174344,0
16650,Gezegen1,-6.74308,-7.72511,0
16650,Gezegen2,2.14146,19.9782,0
16700,Merkez,-0.577168,0.174908,0
16700,Gezegen1,-6.33892,-8.01741,0
16700,Gezegen2,1.79442,20.0238,0
16750,Merkez,-0.577598,0.175483,0
16750,Gezegen1,-5.92042,-8.28931,0
16750,Gezegen2,1.44664,20.0633,0
16800,Merkez,-0.578038,0.176067,0
16800,Gezegen1,-5.48861,-8.54011,0
16800,Gezegen2,1.09822,20.0966,0
16850,Merkez,-0.578487,0.176661,0
16850,Gezegen1,-5.04454,-8.76913,0
16850,Gezegen2,0.749286,20.1236,0
16900,Merkez,-0.578945,0.177264,0
16900,Gezegen1,-4.58929,-8.97578,0
16900,Gezegen2,0.39993,20.1444,0
16950,Merkez,-0.579412,0.177875,0
16950,Gezegen1,-4.124,-9.15948,0
16950,Gezegen2,0.0502679,20.1589,0
17000,Merkez,-0.579887,0.178494,0
17000,Gezegen1,-3.64982,-9.31974,0
17000,Gezegen2,-0.299592,20.1672,0
17050,Merkez,-0.580369,0.17912,0
17050,Gezegen1,-3.16792,-9.45612,0
17050,Gezegen2,-0.649539,20.1692,0
17100,Merkez,-0.580858,0.179754,0
17100,Gezegen1,-2.6795,-9.56823,0
17100,Gezegen2,-0.999466,20.1649,0
17150,Merkez,-0.581353,0.180394,0
17150,Gezegen1,-2.1858,-9.65575,0
17150,Gezegen2,-1.34926,20.1544,0
17200,Merkez,-0.581853,0.18104,0
17200,Gezegen1,-1.68804,-9.71842,0
17200,Gezegen2,-1.69882,20.1377,0
17250,Merkez,-0.582357,0.181693,0
17250,Gezegen1,-1.18749,-9.75604,0
17250,Gezegen2,-2.04802,20.1147,0
17300,Merkez,-0.582866,0.182351,0
17300,Gezegen1,-0.685399,-9.76848,0
17300,Gezegen2,-2.39677,20.0854,0
17350,Merkez,-0.583377,0.183016,0
17350,Gezegen1,-0.183054,-9.75567,0
17350,Gezegen2,-2.74495,20.0499,0
17400,Merkez,-0.583891,0.183687,0
17400,Gezegen1,0.318273,-9.7176,0
17400,Gezegen2,-3.09245,20.0082,0
17450,Merkez,-0.584406,0.184363,0
17450,Gezegen1,0.817304,-9.65433,0
17450,Gezegen2,-3.43916,19.9603,0
17500,Merkez,-0.584923,0.185045,0
17500,Gezegen1,1.31276,-9.566,0
17500,Gezegen2,-3.78498,19.9061,0
17550,Merkez,-0.585439,0.185734,0
17550,Gezegen1,1.80338,-9.45279,0
17550,Gezegen2,-4.1298,19.8458,0
17600,Merkez,-0.585955,0.186428,0
17600,Gezegen1,2.2879,-9.31497,0
17600,Gezegen2,-4.4735,19.7793,0
17650,Merkez,-0.58647,0.187129,0
17650,Gezegen1,2.76507,-9.15285,0
17650,Gezegen2,-4.81598,19.7067,0
17700,Merkez,-0.586983,0.187837,0
17700,Gezegen1,3.23366,-8.96683,0
17700,Gezegen2,-5.15714,19.628,0
17750,Merkez,-0.587493,0.188552,0
17750,Gezegen1,3.69247,-8.75735,0
17750,Gezegen2,-5.49686,19.5431,0
17800,Merkez,-0.588,0.189274,0
17800,Gezegen1,4.1403,-8.52494,0
17800,Gezegen2,-5.83504,19.4521,0
17850,Merkez,-0.588503,0.190004,0
17850,Gezegen1,4.576,-8.27016,0
17850,Gezegen2,-6.17157,19.3551,0
17900,Merkez,-0.589002,0.190743,0
17900,Gezegen1,4.99845,-7.99365,0
17900,Gezegen2,-6.50634,19.2521,0
17950,Merkez,-0.589495,0.191491,0
17950,Gezegen1,5.40653,-7.69611,0
17950,Gezegen2,-6.83925,19.1431,0
18000,Merkez,-0.589983,0.192248,0
18000,Gezegen1,5.7992,-7.37829,0
18000,Gezegen2,-7.1702,19.0281,0
18050,Merkez,-0.590465,0.193015,0
18050,Gezegen1,6.17544,-7.04099,0
18050,Gezegen2,-7.49907,18.9072,0
18100,Merkez,-0.59094,0.193793,0
18100,Gezegen1,6.53427,-6.68508,0
18100,Gezegen2,-7.82576,18.7804,0
18150,Merkez,-0.591409,0.194583,0
18150,Gezegen1,6.87475,-6.31145,0
18150,Gezegen2,-8.15018,18.6477,0
18200,Merkez,-0.59187,0.195385,0
18200,Gezegen1,7.19602,-5.92106,0
18200,Gezegen2,-8.47221,18.5092,0
18250,Merkez,-0.592323,0.1962,0
18250,Gezegen1,7.49723,-5.51492,0
18250,Gezegen2,-8.79175,18.365,0
18300,Merkez,-0.592769,0.197029,0
18300,Gezegen1,7.77761,-5.09406,0
18300,Gezegen2,-9.1087,18.2149,0
18350,Merkez,-0.593207,0.197873,0
18350,Gezegen1,8.03644,-4.65958,0
18350,Gezegen2,-9.42296,18.0592,0
18400,Merkez,-0.593636,0.198733,0
18400,Gezegen1,8.27305,-4.21258,0
18400,Gezegen2,-9.73443,17.8979,0
18450,Merkez,-0.594057,0.199609,0
18450,Gezegen1,8.48683,-3.75421,0
18450,Gezegen2,-10.043,17.7309,0
18500,Merkez,-0.594469,0.200503,0
18500,Gezegen1,8.67724,-3.28567,0
18500,Gezegen2,-10.3486,17.5584,0
18550,Merkez,-0.594873,0.201416,0
18550,Gezegen1,8.84379,-2.80814,0
18550,Gezegen2,-10.6511,17.3805,0
18600,Merkez,-0.595269,0.202348,0
18600,Gezegen1,8.98607,-2.32287,0
18600,Gezegen2,-10.9504,17.197,0
18650,Merkez,-0.595657,0.2033,0
18650,Gezegen1,9.10372,-1.8311,0
18650,Gezegen2,-11.2464,17.0082,0
18700,Merkez,-0.596036,0.204274,0
18700,Gezegen1,9.19646,-1.33409,0
18700,Gezegen2,-11.539,16.814,0
18750,Merkez,-0.596408,0.20527,0
18750,Gezegen1,9.26405,-0.833126,0
18750,Gezegen2,-11.8282,16.6145,0
18800,Merkez,-0.596773,0.20629,0
18800,Gezegen1,9.30634,-0.329487,0
18800,Gezegen2,-12.1138,16.4099,0
18850,Merkez,-0.59713,0.207334,0
18850,Gezegen1,9.32325,0.175535,0
18850,Gezegen2,-12.3957,16.2,0
18900,Merkez,-0.597481,0.208404,0
18900,Gezegen1,9.31474,0.680649,0
18900,Gezegen2,-12.6738,15.9851,0
18950,Merkez,-0.597825,0.2095,0
18950,Gezegen1,9.28087,1.18457,0
18950,Gezegen2,-12.9481,15.7651,0
19000,Merkez,-0.598164,0.210623,0
19000,Gezegen1,9.22174,1.686,0
19000,Gezegen2,-13.2185,15.5402,0
19050,Merkez,-0.598499,0.211774,0
19050,Gezegen1,9.13753,2.18368,0
19050,Gezegen2,-13.4848,15.3104,0
19100,Merkez,-0.598828,0.212955,0
19100,Gezegen1,9.02848,2.67634,0
19100,Gezegen2,-13.747,15.0758,0
19150,Merkez,-0.599155,0.214166,0
19150,Gezegen1,8.89489,3.16273,0
19150,Gezegen2,-14.005,14.8364,0
19200,Merkez,-0.599479,0.215407,0
19200,Gezegen1,8.73713,3.64164,0
19200,Gezegen2,-14.2587,14.5923,0
19250,Merkez,-0.599801,0.21668,0
19250,Gezegen1,8.55563,4.11184,0
19250,Gezegen2,-14.508,14.3436,0
19300,Merkez,-0.600122,0.217986,0
19300,Gezegen1,8.35088,4.57217,0
19300,Gezegen2,-14.7528,14.0903,0
19350,Merkez,-0.600443,0.219325,0
19350,Gezegen1,8.12343,5.02147,0
19350,Gezegen2,-14.9931,13.8326,0
19400,Merkez,-0.600765,0.220699,0
19400,Gezegen1,7.87388,5.45863,0
19400,Gezegen2,-15.2288,13.5706,0
19450,Merkez,-0.601089,0.222106,0
19450,Gezegen1,7.60288,5.88255,0
19450,Gezegen2,-15.4598,13.3042,0
19500,Merkez,-0.601417,0.22355,0
19500,Gezegen1,7.31116,6.29219,0
19500,Gezegen2,-15.6859,13.0336,0
19550,Merkez,-0.601748,0.225029,0
19550,Gezegen1,6.99947,6.68654,0
19550,Gezegen2,-15.9072,12.7589,0
19600,Merkez,-0.602086,0.226545,0
19600,Gezegen1,6.66863,7.06464,0
19600,Gezegen2,-16.1236,12.4801,0
19650,Merkez,-0.60243,0.228097,0
19650,Gezegen1,6.31948,7.42554,0
19650,Gezegen2,-16.3349,12.1974,0
19700,Merkez,-0.602782,0.229688,0
19700,Gezegen1,5.95294,7.76839,0
19700,Gezegen2,-16.5411,11.9108,0
19750,Merkez,-0.603144,0.231316,0
19750,Gezegen1,5.56994,8.09234,0
19750,Gezegen2,-16.7422,11.6204,0
19800,Merkez,-0.603517,0.232982,0
19800,Gezegen1,5.17147,8.39662,0
19800,Gezegen2,-16.938,11.3263,0
19850,Merkez,-0.603901,0.234686,0
19850,Gezegen1,4.75853,8.6805,0
19850,Gezegen2,-17.1285,11.0287,0
19900,Merkez,-0.604299,0.236429,0
19900,Gezegen1,4.33219,8.9433,0
19900,Gezegen2,-17.3136,10.7275,0
19950,Merkez,-0.604712,0.238211,0
19950,Gezegen1,3.89351,9.1844,0
19950,Gezegen2,-17.4933,10.4228,0
